ID,NET,Mass
0,0.149476528,544.2968806
1,0.148264542,609.2944385
2,0.147068828,628.354392
3,0.149400458,630.3336567
4,0.203524396,650.2812313
5,0.199178353,664.354392
6,0.166774005,671.3788306
7,0.084761672,672.3442201
8,0.188473418,672.3707093
9,0.162197515,672.3806047
10,0.11974901,674.3598694
11,0.245980889,675.3261286
12,0.117730096,676.3755187
